"id","title","content","created_at","user_id","image_filename","thumbnail_filename","alt_text","video_embed_url","is_published","published_at","views","updated_at","tags","category_id","meta_description"
1,"dasdasdasdasd","<p>asdasd</p><figure class=""image""><img style=""aspect-ratio:1000/1500;"" src=""http://localhost:5000/static/uploads/0dfc9f062b3d4444827f33453547adf5.webp"" width=""1000"" height=""1500""></figure><figure class=""image""><img style=""aspect-ratio:1000/1500;"" src=""http://localhost:5000/static/uploads/c5f10968006d4b36b062ef10d375c3db.webp"" width=""1000"" height=""1500""></figure><figure class=""image""><img style=""aspect-ratio:1000/1500;"" src=""http://localhost:5000/static/uploads/7bad3047852e47e0b2905263694480de.webp"" width=""1000"" height=""1500""></figure><figure class=""image""><img style=""aspect-ratio:1000/1500;"" src=""http://localhost:5000/static/uploads/6e8e3b3b451347cb838271c676f491f6.webp"" width=""1000"" height=""1500""></figure><p>&nbsp;</p>","2025-06-01 16:52:16.358156",1,"","","","","","",0,"2025-06-01 16:52:16.35816","asd","",""
2,"dasda","<p>asdasd</p><figure class=""image""><img style=""aspect-ratio:1000/1500;"" src=""http://localhost:5000/static/uploads/0dfc9f062b3d4444827f33453547adf5.webp"" width=""1000"" height=""1500""></figure><figure class=""image""><img style=""aspect-ratio:1000/1500;"" src=""http://localhost:5000/static/uploads/c5f10968006d4b36b062ef10d375c3db.webp"" width=""1000"" height=""1500""></figure><figure class=""image""><img style=""aspect-ratio:1000/1500;"" src=""http://localhost:5000/static/uploads/7bad3047852e47e0b2905263694480de.webp"" width=""1000"" height=""1500""></figure><figure class=""image""><img style=""aspect-ratio:1000/1500;"" src=""http://localhost:5000/static/uploads/6e8e3b3b451347cb838271c676f491f6.webp"" width=""1000"" height=""1500""></figure><p>&nbsp;</p>","2025-06-01 16:59:06.775679",1,"","","","","","",0,"2025-06-01 16:59:06.775683","","",""
3,"dsad","<p>asdasd</p><figure class=""image""><img style=""aspect-ratio:1000/1500;"" src=""http://localhost:5000/static/uploads/0dfc9f062b3d4444827f33453547adf5.webp"" width=""1000"" height=""1500""></figure><figure class=""image""><img style=""aspect-ratio:1000/1500;"" src=""http://localhost:5000/static/uploads/c5f10968006d4b36b062ef10d375c3db.webp"" width=""1000"" height=""1500""></figure><figure class=""image""><img style=""aspect-ratio:1000/1500;"" src=""http://localhost:5000/static/uploads/7bad3047852e47e0b2905263694480de.webp"" width=""1000"" height=""1500""></figure><figure class=""image""><img style=""aspect-ratio:1000/1500;"" src=""http://localhost:5000/static/uploads/6e8e3b3b451347cb838271c676f491f6.webp"" width=""1000"" height=""1500""></figure><p>&nbsp;</p>","2025-06-01 16:59:19.515641",1,"","","","","","",0,"2025-06-01 16:59:19.515644","","",""
4,"dasd","<p>asdasd</p><figure class=""image""><img style=""aspect-ratio:1000/1500;"" src=""http://localhost:5000/static/uploads/0dfc9f062b3d4444827f33453547adf5.webp"" width=""1000"" height=""1500""></figure><figure class=""image""><img style=""aspect-ratio:1000/1500;"" src=""http://localhost:5000/static/uploads/c5f10968006d4b36b062ef10d375c3db.webp"" width=""1000"" height=""1500""></figure><figure class=""image""><img style=""aspect-ratio:1000/1500;"" src=""http://localhost:5000/static/uploads/7bad3047852e47e0b2905263694480de.webp"" width=""1000"" height=""1500""></figure><figure class=""image""><img style=""aspect-ratio:1000/1500;"" src=""http://localhost:5000/static/uploads/6e8e3b3b451347cb838271c676f491f6.webp"" width=""1000"" height=""1500""></figure><p>&nbsp;</p>","2025-06-01 17:00:18.235244",1,"","","","","","",0,"2025-06-01 17:00:18.235249","","",""
6,"dsad","<p>asdasd</p><figure class=""image""><img style=""aspect-ratio:1000/1500;"" src=""http://localhost:5000/static/uploads/0dfc9f062b3d4444827f33453547adf5.webp"" width=""1000"" height=""1500""></figure><figure class=""image""><img style=""aspect-ratio:1000/1500;"" src=""http://localhost:5000/static/uploads/c5f10968006d4b36b062ef10d375c3db.webp"" width=""1000"" height=""1500""></figure><figure class=""image""><img style=""aspect-ratio:1000/1500;"" src=""http://localhost:5000/static/uploads/7bad3047852e47e0b2905263694480de.webp"" width=""1000"" height=""1500""></figure><figure class=""image""><img style=""aspect-ratio:1000/1500;"" src=""http://localhost:5000/static/uploads/6e8e3b3b451347cb838271c676f491f6.webp"" width=""1000"" height=""1500""></figure><p>&nbsp;</p>","2025-06-01 17:03:28.972851",1,"","","","",1,"2025-06-01 17:03:28.971994",1,"2025-06-01 17:03:35.695405","","",""
7,"dasdasd","<p>asdasd</p><figure class=""image""><img style=""aspect-ratio:1000/1500;"" src=""http://localhost:5000/static/uploads/0dfc9f062b3d4444827f33453547adf5.webp"" width=""1000"" height=""1500""></figure><figure class=""image""><img style=""aspect-ratio:1000/1500;"" src=""http://localhost:5000/static/uploads/c5f10968006d4b36b062ef10d375c3db.webp"" width=""1000"" height=""1500""></figure><figure class=""image""><img style=""aspect-ratio:1000/1500;"" src=""http://localhost:5000/static/uploads/7bad3047852e47e0b2905263694480de.webp"" width=""1000"" height=""1500""></figure><figure class=""image""><img style=""aspect-ratio:1000/1500;"" src=""http://localhost:5000/static/uploads/6e8e3b3b451347cb838271c676f491f6.webp"" width=""1000"" height=""1500""></figure><p>&nbsp;</p>","2025-06-01 17:03:47.703697",1,"","","","",1,"2025-06-01 17:03:47.703147",1,"2025-06-01 17:03:51.691099","","",""
10,"커버 이미지","<figure class=""image""><img style=""aspect-ratio:1000/778;"" src=""http://localhost:5000/static/uploads/976961fab7e44c5eb6b22934b544085c.webp"" width=""1000"" height=""778""></figure><figure class=""image""><img style=""aspect-ratio:1000/778;"" src=""http://localhost:5000/static/uploads/1462d0cf8d93421e9a57b3c3d5e60105.webp"" width=""1000"" height=""778""></figure>","2025-06-01 17:16:31.423045",1,"","","","",1,"2025-06-01 17:16:31.422468",1,"2025-06-01 17:16:36.983214","","",""
11,"커버테스트","<figure class=""image""><img style=""aspect-ratio:1000/778;"" src=""http://localhost:5000/static/uploads/976961fab7e44c5eb6b22934b544085c.webp"" width=""1000"" height=""778""></figure><figure class=""image""><img style=""aspect-ratio:1000/778;"" src=""http://localhost:5000/static/uploads/1462d0cf8d93421e9a57b3c3d5e60105.webp"" width=""1000"" height=""778""></figure>","2025-06-01 17:16:58.557655",1,"","","","",1,"2025-06-01 17:16:58.557248",0,"2025-06-01 17:16:58.557657","","",""
9,"귤뽁이","<figure class=""image""><img style=""aspect-ratio:1000/778;"" src=""http://localhost:5000/static/uploads/976961fab7e44c5eb6b22934b544085c.webp"" width=""1000"" height=""778""></figure><figure class=""image""><img style=""aspect-ratio:1000/778;"" src=""http://localhost:5000/static/uploads/1462d0cf8d93421e9a57b3c3d5e60105.webp"" width=""1000"" height=""778""></figure>","2025-06-01 17:15:50.305407",1,"","","","",1,"2025-06-01 17:20:37.037852",0,"2025-06-01 17:20:37.04601","","",""
5,"dasdasd","<p>asdasd</p><figure class=""image""><img style=""aspect-ratio:1000/1500;"" src=""http://localhost:5000/static/uploads/0dfc9f062b3d4444827f33453547adf5.webp"" width=""1000"" height=""1500""></figure><figure class=""image""><img style=""aspect-ratio:1000/1500;"" src=""http://localhost:5000/static/uploads/c5f10968006d4b36b062ef10d375c3db.webp"" width=""1000"" height=""1500""></figure><figure class=""image""><img style=""aspect-ratio:1000/1500;"" src=""http://localhost:5000/static/uploads/7bad3047852e47e0b2905263694480de.webp"" width=""1000"" height=""1500""></figure><figure class=""image""><img style=""aspect-ratio:1000/1500;"" src=""http://localhost:5000/static/uploads/6e8e3b3b451347cb838271c676f491f6.webp"" width=""1000"" height=""1500""></figure><p>&nbsp;</p>","2025-06-01 17:00:44.410271",1,"","","","",1,"2025-06-02 04:07:35.378503",0,"2025-06-02 04:07:35.379962","","",""
12,"커버테스트","<figure class=""image""><img style=""aspect-ratio:1000/778;"" src=""http://localhost:5000/static/uploads/976961fab7e44c5eb6b22934b544085c.webp"" width=""1000"" height=""778""></figure><figure class=""image""><img style=""aspect-ratio:1000/778;"" src=""http://localhost:5000/static/uploads/1462d0cf8d93421e9a57b3c3d5e60105.webp"" width=""1000"" height=""778""></figure>","2025-06-01 17:17:10.615044",1,"","","","",1,"2025-06-01 17:17:10.61468",0,"2025-06-01 17:17:10.615047","","",""
13,"커버테스트","<figure class=""image""><img style=""aspect-ratio:1000/778;"" src=""http://localhost:5000/static/uploads/976961fab7e44c5eb6b22934b544085c.webp"" width=""1000"" height=""778""></figure><figure class=""image""><img style=""aspect-ratio:1000/778;"" src=""http://localhost:5000/static/uploads/1462d0cf8d93421e9a57b3c3d5e60105.webp"" width=""1000"" height=""778""></figure>","2025-06-01 17:17:19.489601",1,"","","","",1,"2025-06-01 17:17:19.489181",1,"2025-06-01 17:17:35.937268","","",""
14,"커버테스트","<figure class=""image""><img style=""aspect-ratio:1000/778;"" src=""http://localhost:5000/static/uploads/976961fab7e44c5eb6b22934b544085c.webp"" width=""1000"" height=""778""></figure><figure class=""image""><img style=""aspect-ratio:1000/778;"" src=""http://localhost:5000/static/uploads/1462d0cf8d93421e9a57b3c3d5e60105.webp"" width=""1000"" height=""778""></figure>","2025-06-01 17:19:58.794379",1,"","","","",1,"2025-06-01 17:19:58.793485",0,"2025-06-01 17:19:58.794381","","",""
8,"dasdsa","<p>asdasd</p><figure class=""image""><img style=""aspect-ratio:1000/1500;"" src=""http://localhost:5000/static/uploads/0dfc9f062b3d4444827f33453547adf5.webp"" width=""1000"" height=""1500""></figure><figure class=""image""><img style=""aspect-ratio:1000/1500;"" src=""http://localhost:5000/static/uploads/c5f10968006d4b36b062ef10d375c3db.webp"" width=""1000"" height=""1500""></figure><figure class=""image""><img style=""aspect-ratio:1000/1500;"" src=""http://localhost:5000/static/uploads/7bad3047852e47e0b2905263694480de.webp"" width=""1000"" height=""1500""></figure><figure class=""image""><img style=""aspect-ratio:1000/1500;"" src=""http://localhost:5000/static/uploads/6e8e3b3b451347cb838271c676f491f6.webp"" width=""1000"" height=""1500""></figure><p>&nbsp;</p>","2025-06-01 17:15:22.403655",1,"","","","",1,"2025-06-01 17:15:22.402627",1,"2025-06-01 17:20:29.33946","dasd","",""
15,"ㅇㅁㄴㅇㅁㄴㅇ","<figure class=""image""><img style=""aspect-ratio:1000/778;"" src=""http://localhost:5000/static/uploads/976961fab7e44c5eb6b22934b544085c.webp"" width=""1000"" height=""778""></figure><figure class=""image""><img style=""aspect-ratio:1000/778;"" src=""http://localhost:5000/static/uploads/1462d0cf8d93421e9a57b3c3d5e60105.webp"" width=""1000"" height=""778""></figure>","2025-06-01 17:22:11.58334",1,"","","","",1,"2025-06-01 17:22:11.58215",0,"2025-06-01 17:22:11.583344","","",""
16,"ㅇㄴㅁㅇㄴㅁㅇ","<figure class=""image""><img style=""aspect-ratio:1000/778;"" src=""http://localhost:5000/static/uploads/976961fab7e44c5eb6b22934b544085c.webp"" width=""1000"" height=""778""></figure><figure class=""image""><img style=""aspect-ratio:1000/778;"" src=""http://localhost:5000/static/uploads/1462d0cf8d93421e9a57b3c3d5e60105.webp"" width=""1000"" height=""778""></figure>","2025-06-01 17:22:17.652245",1,"","","","",1,"2025-06-01 17:22:17.651732",0,"2025-06-01 17:22:17.652248","","",""
17,"테스트아이아","<figure class=""image""><img style=""aspect-ratio:1000/778;"" src=""http://localhost:5000/static/uploads/976961fab7e44c5eb6b22934b544085c.webp"" width=""1000"" height=""778""></figure><figure class=""image""><img style=""aspect-ratio:1000/778;"" src=""http://localhost:5000/static/uploads/1462d0cf8d93421e9a57b3c3d5e60105.webp"" width=""1000"" height=""778""></figure>","2025-06-01 17:22:34.967138",1,"","","","",1,"2025-06-01 17:22:34.966593",1,"2025-06-01 17:22:45.79664","","",""
18,"ㅊㅋㅌㅊㅋㅌㅊ","<figure class=""image""><img style=""aspect-ratio:1000/778;"" src=""http://localhost:5000/static/uploads/976961fab7e44c5eb6b22934b544085c.webp"" width=""1000"" height=""778""></figure><figure class=""image""><img style=""aspect-ratio:1000/778;"" src=""http://localhost:5000/static/uploads/1462d0cf8d93421e9a57b3c3d5e60105.webp"" width=""1000"" height=""778""></figure>","2025-06-01 17:23:15.476086",1,"","","","",1,"2025-06-01 17:23:15.475653",0,"2025-06-01 17:23:15.476089","","",""
19,"ㅇㅁㄴㅇ","<figure class=""image""><img style=""aspect-ratio:1000/778;"" src=""http://localhost:5000/static/uploads/976961fab7e44c5eb6b22934b544085c.webp"" width=""1000"" height=""778""></figure><figure class=""image""><img style=""aspect-ratio:1000/778;"" src=""http://localhost:5000/static/uploads/1462d0cf8d93421e9a57b3c3d5e60105.webp"" width=""1000"" height=""778""></figure>","2025-06-01 17:25:39.682977",1,"","","","",1,"2025-06-01 17:25:39.681811",1,"2025-06-01 17:25:48.537005","","",""
21,"테스트2","<figure class=""image""><img style=""aspect-ratio:1000/778;"" src=""http://localhost:5000/static/uploads/976961fab7e44c5eb6b22934b544085c.webp"" width=""1000"" height=""778""></figure><figure class=""image""><img style=""aspect-ratio:1000/778;"" src=""http://localhost:5000/static/uploads/1462d0cf8d93421e9a57b3c3d5e60105.webp"" width=""1000"" height=""778""></figure>","2025-06-01 17:29:30.712437",1,"","","","",1,"2025-06-01 17:29:30.711482",1,"2025-06-01 17:29:33.969002","","",""
20,"테스트1","<figure class=""image""><img style=""aspect-ratio:1000/778;"" src=""http://localhost:5000/static/uploads/976961fab7e44c5eb6b22934b544085c.webp"" width=""1000"" height=""778""></figure><figure class=""image""><img style=""aspect-ratio:1000/778;"" src=""http://localhost:5000/static/uploads/1462d0cf8d93421e9a57b3c3d5e60105.webp"" width=""1000"" height=""778""></figure>","2025-06-01 17:26:02.041739",1,"","","","","","",1,"2025-06-01 17:29:21.265934","테스트1","",""
22,"테스트3","<figure class=""image""><img style=""aspect-ratio:1000/778;"" src=""http://localhost:5000/static/uploads/976961fab7e44c5eb6b22934b544085c.webp"" width=""1000"" height=""778""></figure><figure class=""image""><img style=""aspect-ratio:1000/778;"" src=""http://localhost:5000/static/uploads/1462d0cf8d93421e9a57b3c3d5e60105.webp"" width=""1000"" height=""778""></figure>","2025-06-01 17:29:44.265721",1,"","","","",1,"2025-06-01 17:29:44.265099",0,"2025-06-01 17:29:44.265725","","",""
23,"ㅇㅁㄴㅇㅁㄴㅇ","<figure class=""image""><img style=""aspect-ratio:1000/778;"" src=""http://localhost:5000/static/uploads/976961fab7e44c5eb6b22934b544085c.webp"" width=""1000"" height=""778""></figure><figure class=""image""><img style=""aspect-ratio:1000/778;"" src=""http://localhost:5000/static/uploads/1462d0cf8d93421e9a57b3c3d5e60105.webp"" width=""1000"" height=""778""></figure>","2025-06-01 17:35:32.969599",1,"","","","",1,"2025-06-01 17:35:32.96846",0,"2025-06-01 17:35:32.969602","","",""
24,"ㅇㅁㄴㅇ","<figure class=""image""><img style=""aspect-ratio:1000/778;"" src=""http://localhost:5000/static/uploads/976961fab7e44c5eb6b22934b544085c.webp"" width=""1000"" height=""778""></figure><figure class=""image""><img style=""aspect-ratio:1000/778;"" src=""http://localhost:5000/static/uploads/1462d0cf8d93421e9a57b3c3d5e60105.webp"" width=""1000"" height=""778""></figure>","2025-06-01 17:36:01.431303",1,"","","","",1,"2025-06-01 17:36:01.429752",0,"2025-06-01 17:36:01.431307","ㅇㅁㄴㅇ","",""
25,"ㅇㄴㅁㅇㅁㄴㅇ","<figure class=""image""><img style=""aspect-ratio:1000/778;"" src=""http://localhost:5000/static/uploads/976961fab7e44c5eb6b22934b544085c.webp"" width=""1000"" height=""778""></figure><figure class=""image""><img style=""aspect-ratio:1000/778;"" src=""http://localhost:5000/static/uploads/1462d0cf8d93421e9a57b3c3d5e60105.webp"" width=""1000"" height=""778""></figure>","2025-06-01 17:41:48.897824",1,"","","","",1,"2025-06-01 17:41:48.895162",0,"2025-06-01 17:41:48.897829","","",""
26,"ㅇㄴㅁㅇㅁㄴㅇ","<figure class=""image""><img style=""aspect-ratio:1000/778;"" src=""http://localhost:5000/static/uploads/976961fab7e44c5eb6b22934b544085c.webp"" width=""1000"" height=""778""></figure><figure class=""image""><img style=""aspect-ratio:1000/778;"" src=""http://localhost:5000/static/uploads/1462d0cf8d93421e9a57b3c3d5e60105.webp"" width=""1000"" height=""778""></figure>","2025-06-01 17:41:58.734094",1,"","","","",1,"2025-06-01 17:41:58.733478",0,"2025-06-01 17:41:58.734098","","",""
27,"니엄","<figure class=""image""><img style=""aspect-ratio:1000/778;"" src=""http://localhost:5000/static/uploads/976961fab7e44c5eb6b22934b544085c.webp"" width=""1000"" height=""778""></figure><figure class=""image""><img style=""aspect-ratio:1000/778;"" src=""http://localhost:5000/static/uploads/1462d0cf8d93421e9a57b3c3d5e60105.webp"" width=""1000"" height=""778""></figure>","2025-06-01 17:42:10.796835",1,"","","","",1,"2025-06-01 17:42:10.796131",0,"2025-06-01 17:42:10.796838","","",""
28,"ㅇㄴㅁㅇㅁㄴㅇㅁㄴㅇ","<figure class=""image""><img style=""aspect-ratio:1000/778;"" src=""http://localhost:5000/static/uploads/976961fab7e44c5eb6b22934b544085c.webp"" width=""1000"" height=""778""></figure><figure class=""image""><img style=""aspect-ratio:1000/778;"" src=""http://localhost:5000/static/uploads/1462d0cf8d93421e9a57b3c3d5e60105.webp"" width=""1000"" height=""778""></figure>","2025-06-01 17:42:37.076848",1,"","","","",1,"2025-06-01 17:42:37.076371",0,"2025-06-01 17:42:37.076851","","",""
29,"ㄴㅇㅁㅇㅁㄴ","<figure class=""image""><img style=""aspect-ratio:1000/778;"" src=""http://localhost:5000/static/uploads/976961fab7e44c5eb6b22934b544085c.webp"" width=""1000"" height=""778""></figure><figure class=""image""><img style=""aspect-ratio:1000/778;"" src=""http://localhost:5000/static/uploads/1462d0cf8d93421e9a57b3c3d5e60105.webp"" width=""1000"" height=""778""></figure>","2025-06-01 17:45:22.361679",1,"","","","",1,"2025-06-01 17:45:22.360577",0,"2025-06-01 17:45:22.361682","","",""
30,"ㄹㅇㄴㄹㄴㅇㄹ","<figure class=""image""><img style=""aspect-ratio:1000/778;"" src=""http://localhost:5000/static/uploads/976961fab7e44c5eb6b22934b544085c.webp"" width=""1000"" height=""778""></figure><figure class=""image""><img style=""aspect-ratio:1000/778;"" src=""http://localhost:5000/static/uploads/1462d0cf8d93421e9a57b3c3d5e60105.webp"" width=""1000"" height=""778""></figure>","2025-06-01 17:54:39.068655",1,"","","","",1,"2025-06-01 17:54:39.065769",0,"2025-06-01 17:54:39.068659","","",""
32,"니앰창","<figure class=""image""><img style=""aspect-ratio:1000/778;"" src=""http://localhost:5000/static/uploads/976961fab7e44c5eb6b22934b544085c.webp"" width=""1000"" height=""778""></figure><figure class=""image""><img style=""aspect-ratio:1000/778;"" src=""http://localhost:5000/static/uploads/1462d0cf8d93421e9a57b3c3d5e60105.webp"" width=""1000"" height=""778""></figure>","2025-06-01 17:59:37.084549",1,"","","","",1,"2025-06-01 17:59:37.080804",1,"2025-06-01 17:59:39.666849","","",""
33,"니애미테스트ㅏ 씨발아","<figure class=""image""><img style=""aspect-ratio:1000/778;"" src=""http://localhost:5000/static/uploads/976961fab7e44c5eb6b22934b544085c.webp"" width=""1000"" height=""778""></figure><figure class=""image""><img style=""aspect-ratio:1000/778;"" src=""http://localhost:5000/static/uploads/1462d0cf8d93421e9a57b3c3d5e60105.webp"" width=""1000"" height=""778""></figure>","2025-06-01 18:00:08.917068",1,"","","","",1,"2025-06-01 18:00:08.916427",0,"2025-06-01 18:00:08.917071","","",""
34,"ㅇㄴㅁㅇㅁㄴㅇ","<figure class=""image""><img style=""aspect-ratio:1000/778;"" src=""http://localhost:5000/static/uploads/976961fab7e44c5eb6b22934b544085c.webp"" width=""1000"" height=""778""></figure><figure class=""image""><img style=""aspect-ratio:1000/778;"" src=""http://localhost:5000/static/uploads/1462d0cf8d93421e9a57b3c3d5e60105.webp"" width=""1000"" height=""778""></figure>","2025-06-01 18:03:52.161744",1,"","","","","","",0,"2025-06-01 18:04:03.879429","","",""
31,"섹","<figure class=""image""><img style=""aspect-ratio:1000/778;"" src=""http://localhost:5000/static/uploads/976961fab7e44c5eb6b22934b544085c.webp"" width=""1000"" height=""778""></figure><figure class=""image""><img style=""aspect-ratio:1000/778;"" src=""http://localhost:5000/static/uploads/1462d0cf8d93421e9a57b3c3d5e60105.webp"" width=""1000"" height=""778""></figure>","2025-06-01 17:54:49.594398",1,"","","","","","",1,"2025-06-02 04:09:26.575455","","",""
36,"ㅇㅁㄴㅇㅇㄴㅁㅇㅁㄴㅇ","<figure class=""image""><img style=""aspect-ratio:1000/778;"" src=""http://localhost:5000/static/uploads/976961fab7e44c5eb6b22934b544085c.webp"" width=""1000"" height=""778""></figure><figure class=""image""><img style=""aspect-ratio:1000/778;"" src=""http://localhost:5000/static/uploads/1462d0cf8d93421e9a57b3c3d5e60105.webp"" width=""1000"" height=""778""></figure>","2025-06-01 18:08:16.434938",1,"","","","",1,"2025-06-02 04:07:30.670961",1,"2025-06-02 04:07:30.682309","","",""
37,"dsadasd","<figure class=""image""><img style=""aspect-ratio:1000/778;"" src=""http://localhost:5000/static/uploads/976961fab7e44c5eb6b22934b544085c.webp"" width=""1000"" height=""778""></figure><figure class=""image""><img style=""aspect-ratio:1000/778;"" src=""http://localhost:5000/static/uploads/1462d0cf8d93421e9a57b3c3d5e60105.webp"" width=""1000"" height=""778""></figure>","2025-06-02 04:09:50.124592",1,"","","","",1,"2025-06-02 04:09:50.09277",0,"2025-06-02 04:09:50.124607","asd","",""
38,"dasdasd","<figure class=""image""><img style=""aspect-ratio:1000/778;"" src=""http://localhost:5000/static/uploads/976961fab7e44c5eb6b22934b544085c.webp"" width=""1000"" height=""778""></figure><figure class=""image""><img style=""aspect-ratio:1000/778;"" src=""http://localhost:5000/static/uploads/1462d0cf8d93421e9a57b3c3d5e60105.webp"" width=""1000"" height=""778""></figure>","2025-06-02 04:10:36.378462",1,"","","","",1,"2025-06-02 04:10:36.375973",0,"2025-06-02 04:10:36.378474","","",""
39,"dsadsad","<figure class=""image""><img style=""aspect-ratio:1000/778;"" src=""http://localhost:5000/static/uploads/976961fab7e44c5eb6b22934b544085c.webp"" width=""1000"" height=""778""></figure><figure class=""image""><img style=""aspect-ratio:1000/778;"" src=""http://localhost:5000/static/uploads/1462d0cf8d93421e9a57b3c3d5e60105.webp"" width=""1000"" height=""778""></figure>","2025-06-02 04:10:48.572777",1,"","","","",1,"2025-06-02 04:10:48.570803",0,"2025-06-02 04:10:48.572788","dsad","",""
40,"dasdas","<figure class=""image""><img style=""aspect-ratio:1000/778;"" src=""http://localhost:5000/static/uploads/976961fab7e44c5eb6b22934b544085c.webp"" width=""1000"" height=""778""></figure><figure class=""image""><img style=""aspect-ratio:1000/778;"" src=""http://localhost:5000/static/uploads/1462d0cf8d93421e9a57b3c3d5e60105.webp"" width=""1000"" height=""778""></figure>","2025-06-02 04:12:44.286865",1,"","","","",1,"2025-06-02 04:12:44.278608",0,"2025-06-02 04:12:44.286879","dasd","",""
35,"니애미창녀씨발아","<figure class=""image""><img style=""aspect-ratio:1000/778;"" src=""http://localhost:5000/static/uploads/976961fab7e44c5eb6b22934b544085c.webp"" width=""1000"" height=""778""></figure><figure class=""image""><img style=""aspect-ratio:1000/778;"" src=""http://localhost:5000/static/uploads/1462d0cf8d93421e9a57b3c3d5e60105.webp"" width=""1000"" height=""778""></figure>","2025-06-01 18:04:18.141949",1,"","","","",1,"2025-06-02 05:04:36.784466",1,"2025-06-02 05:04:41.184791","","",""
41,"ㅇㅁㄴㅇㅁㄴㅇ","<figure class=""image""><img style=""aspect-ratio:1000/778;"" src=""http://localhost:5000/static/uploads/976961fab7e44c5eb6b22934b544085c.webp"" width=""1000"" height=""778""></figure><figure class=""image""><img style=""aspect-ratio:1000/778;"" src=""http://localhost:5000/static/uploads/1462d0cf8d93421e9a57b3c3d5e60105.webp"" width=""1000"" height=""778""></figure>","2025-06-02 04:20:41.518835",1,"52b3e0bcaf3b28ac.png","52b3e0bcaf3b28ac_thumb.png","","",1,"2025-06-02 04:20:41.515925",1,"2025-06-02 05:17:27.081262","",1,""
42,"ㅇㅁㄴ","<figure class=""image""><img style=""aspect-ratio:1000/778;"" src=""http://localhost:5000/static/uploads/976961fab7e44c5eb6b22934b544085c.webp"" width=""1000"" height=""778""></figure><figure class=""image""><img style=""aspect-ratio:1000/778;"" src=""http://localhost:5000/static/uploads/1462d0cf8d93421e9a57b3c3d5e60105.webp"" width=""1000"" height=""778""></figure>","2025-06-02 05:31:22.201196",1,"70b050058f3d02e3.jpg","70b050058f3d02e3_thumb.jpg","","",1,"2025-06-02 05:31:22.199856",1,"2025-06-02 05:38:02.274982","ㅇㅁㄴ, ㅇㄴㅁㅇ",1,""
43,"ㅇㅁㄴㅇ","<figure class=""image""><img style=""aspect-ratio:1000/778;"" src=""http://localhost:5000/static/uploads/976961fab7e44c5eb6b22934b544085c.webp"" width=""1000"" height=""778""></figure><figure class=""image""><img style=""aspect-ratio:1000/778;"" src=""http://localhost:5000/static/uploads/1462d0cf8d93421e9a57b3c3d5e60105.webp"" width=""1000"" height=""778""></figure>","2025-06-02 05:42:00.866593",1,"","6660c63de1183c31_thumb.png","","",1,"2025-06-02 05:42:00.864425",1,"2025-06-02 05:42:05.327622","ㅇㅁ","",""
44,"테스트여","<figure class=""image""><img style=""aspect-ratio:1000/778;"" src=""http://localhost:5000/static/uploads/976961fab7e44c5eb6b22934b544085c.webp"" width=""1000"" height=""778""></figure><figure class=""image""><img style=""aspect-ratio:1000/778;"" src=""http://localhost:5000/static/uploads/1462d0cf8d93421e9a57b3c3d5e60105.webp"" width=""1000"" height=""778""></figure>","2025-06-02 05:42:19.106145",1,"","4c013f275bf15ce6_thumb.jpg","","",1,"2025-06-02 05:42:19.105344",1,"2025-06-02 05:42:22.983447","","",""
